<?xml version="1.0" encoding="ISO-8859-1"?>
<archive-mapping>
	<mime-type assume="open" icon="txt">text/plain</mime-type>
	<mime-type assume="open" icon="pdf">application/pdf</mime-type>
	<mime-type assume="open" icon="doc">application/msword</mime-type>
	<mime-type assume="open" icon="doc">application/vnd.openxmlformats-officedocument.wordprocessingml.document</mime-type>
	<mime-type assume="open" icon="doc">application/rtf</mime-type>
	<mime-type assume="open" icon="doc">application/x-rtf</mime-type>
	<mime-type assume="open" icon="doc">text/richtext</mime-type>
	<mime-type assume="open" icon="css">text/css</mime-type>
	<mime-type assume="open" icon="fh">image/x-freehand</mime-type>
	<mime-type assume="open" icon="htm">text/html</mime-type>
	<mime-type assume="open" icon="ini">zz-application/zz-winassoc-ini</mime-type>
	<mime-type assume="open" icon="inf">text/inf</mime-type>
	<mime-type assume="open" icon="mov">video/quicktime</mime-type>
	<mime-type assume="open" icon="mp3">audio/x-mpeg3</mime-type>
	<mime-type assume="open" icon="mp4">video/mp4v-es</mime-type>
	<mime-type assume="open" icon="mpg">video/x-mpeg</mime-type>
	<mime-type assume="open" icon="ogg">audio/x-ogg</mime-type>
	<mime-type assume="open" icon="ppt">application/mspowerpoint</mime-type>
	<mime-type assume="open" icon="ppt">application/vnd.openxmlformats-officedocument.presentationml.presentation</mime-type>
	<mime-type assume="open" icon="ppt">application/vnd.ms-powerpoint</mime-type>
	<mime-type assume="open" icon="ppt">application/vnd.openxmlformats-officedocument.presentationml.slideshow</mime-type>
	<mime-type assume="open" icon="swf">application/x-shockwave-flash</mime-type>
	<mime-type assume="open" icon="tiff">image/tiff</mime-type>
	<mime-type assume="open" icon="wav">audio/wav</mime-type>
	<mime-type assume="open" icon="wma">audio/x-ms-wma</mime-type>
	<mime-type assume="open" icon="wmv">video/x-ms-wmv</mime-type>
	<mime-type assume="open" icon="xls">application/msexcel</mime-type>
	<mime-type assume="open" icon="xls">application/vnd.openxmlformats-officedocument.spreadsheetml.sheet</mime-type>
	<mime-type assume="open" icon="xml">text/xml</mime-type>
	<mime-type assume="download" icon="zip">application/x-zip-compressed</mime-type>
	<mime-type assume="download" icon="zip">application/zip</mime-type>
	<mime-type assume="download" icon="rar">application/x-rar-compressed</mime-type>
	<mime-type assume="download" icon="file">application/octet-stream</mime-type>
	<mime-type assume="download" icon="7zip">application/x-7z-compressed</mime-type>
	<mime-type assume="download" icon="ace">application/x-ace</mime-type>
	<mime-type assume="download" icon="ai">application/illustrator</mime-type>
	<mime-type assume="download" icon="aiff">audio/aiff</mime-type>
	<mime-type assume="download" icon="asp">text/asp</mime-type>
	<mime-type assume="download" icon="avi">video/msvideo</mime-type>
	<mime-type assume="download" icon="bat">application/bat</mime-type>
	<mime-type assume="download" icon="bin">application/octet-stream</mime-type>
	<mime-type assume="download" icon="dll">application/x-msdownload</mime-type>
	<mime-type assume="download" icon="fla">application/x-shockwave-flash</mime-type>
	<mime-type assume="download" icon="hqx">application/binhex</mime-type>
	<mime-type assume="download" icon="midi">audio/mid</mime-type>
	<mime-type assume="download" icon="php">application/x-httpd-php</mime-type>
	<mime-type assume="download" icon="sit">application/stuffit</mime-type>
	<mime-type assume="download" icon="sitx">application/x-sit</mime-type>
	<mime-type assume="image" icon="jpg">image/jpeg</mime-type>
	<mime-type assume="image" icon="gif">image/gif</mime-type>
	<mime-type assume="image" icon="jpg">image/pjpeg</mime-type>
	<mime-type assume="image" icon="png">image/png</mime-type>
	<mime-type assume="image" icon="bmp">image/x-bitmap</mime-type>
	<mime-type assume="image" icon="psd">image/photoshop</mime-type>
	<mime-type assume="image" icon="psp">image/bmp</mime-type>
</archive-mapping>