<?xml version="1.0" encoding="ISO-8859-1"?>
<search table="_group">
	<field type="String" column="_name" label="Nome" />
</search>
<view table="_group" primary="_id" paginate="15">
	<field type="String" column="_name" label="Nome" />
	<field type="Boolean" column="_chat" label="Sala do Chat" />
	<field type="Boolean" column="_admin" label="Administrador" />
	<order id="_group__name" invert="false" />
	<icon action="view" image="view.gif" label="Visualizar" default="true" />
	<icon action="edit" image="edit.gif" label="Editar" />
	<icon action="delete" image="delete.gif" label="Apagar" />
	<icon action="permissionGroup" image="permission.gif" label="Permiss�es" />
	<icon action="userGroup" image="group.gif" label="Associar Usu�rios" />
	<icon action="mailGroup" image="reply.gif" label="Alertas" />
</view>